slug,url_real,titulo,categoria,formulario,bytes_contenido,ultima_modificacion
portugal,/pro-corp-sas/soluciones-legales-y-comunitarias/nacionalidad-europea-por-ley-sefardi/portugal/,Portugal,contenido,si,88311,2026-03-19
informacion-latitud-58,/informacion-latitud-58/,"Informacion Latitud 58",contenido,no,1734,2026-02-04
latitud-58,/latitud-58/,"Latitud 58",contenido,no,2216,2026-02-03
nomada-digital,/nomada-digital/,"Nómada Digital",contenido,si,177909,2025-07-22
calculator-treas-corp,/calculator-treas-corp/,"Calculadora Treas Corp",contenido,no,1577,2025-02-27
rup,/pro-corp-sas/soluciones-legales-y-comunitarias/contratacion-estatal/rup/,"Registro RUP 2025",contenido,si,18708,2025-02-06
contratacion-estatal,/pro-corp-sas/soluciones-legales-y-comunitarias/contratacion-estatal/,"Contratación Estatal",contenido,no,2,2025-01-28
virrey,/virrey/,Virrey,contenido,no,1401,2024-12-13
terminos-informe-genealogico-fjce,/terminos-informe-genealogico-fjce/,"Términos y Condiciones para la elaboración de un Informe Genealógico para solicitar el certificado de la FJCE",legal,no,3170,2024-11-25
terminos-y-condiciones-estudio-de-viabilidad-genealogica,/terminos-y-condiciones-estudio-de-viabilidad-genealogica/,"terminos y condiciones estudio de viabilidad genealógica",legal,no,3136,2024-11-02
fcje-reapertura-nueva-oportunidad-certificado,/fcje-reapertura-nueva-oportunidad-certificado/,"Asesoria FCJE",contenido,si,1726,2024-11-01
nacionalidad-espanola-rapida,/nacionalidad-espanola-rapida/,"Agiliza tu trámite de nacionalidad",contenido,si,16997,2024-10-29
demanda-sefardi,/demanda-sefardi/,"Demanda sefardí",contenido,si,58759,2024-10-23
blog,/pro-corp-sas/soluciones-legales-y-comunitarias/nacionalidad-europea-por-ley-sefardi/blog/,Blog,contenido,no,657,2024-09-13
blog3,/blog3/,Blog3,contenido,no,1788,2024-09-13
inversion-acompanammiento-legal,/inversion-acompanammiento-legal/,"Inversion acompañammiento legal",contenido,no,2,2024-01-16
asesoria,/asesoria/,Asesoria,contenido,si,1611,2023-09-26
webinars-agosto,/webinars-agosto/,"Webinars agosto",contenido,no,2403,2023-09-15
carrusel-noticias-elementor,/carrusel-noticias-elementor/,"Carrusel noticias elementor",contenido,no,3737,2023-08-30
pro-corp-en-la-prensa,/pro-corp-en-la-prensa/,"Pro Corp en la prensa",contenido,no,18876,2023-08-29
espana,/pro-corp-sas/soluciones-legales-y-comunitarias/nacionalidad-europea-por-ley-sefardi/espana/,España,contenido,si,49767,2023-07-19
contacto-pcp,/contacto-pcp/,Contacto-pcp,captacion,si,392,2023-07-18
estadisticas-espana,/estadisticas-espana/,"Estadisticas españa",contenido,no,3131,2023-07-05
equipo-dri,/equipo-dri/,Equipo-dri,contenido,no,11871,2023-06-25
contacto-dri,/contacto-dri/,Contacto-dri,captacion,no,350,2023-06-25
guia-practica-de-elecciones-espana-2023,/guia-practica-de-elecciones-espana-2023/,"Guía práctica Elecciones España 2023",contenido,no,1079,2023-06-20
registro,/registro/,Registro,captacion,si,392,2023-05-30
nacionalidades,/pro-corp-sas/nacionalidades/,Inicio,contenido,no,2,2023-03-15
nacionalidad-europea-por-ley-sefardi,/pro-corp-sas/soluciones-legales-y-comunitarias/nacionalidad-europea-por-ley-sefardi/,"Nacionalidad europea por ley sefardi",contenido,no,36849,2023-03-15
formulario-espana,/formulario-espana/,Formulario-espana,captacion,si,1253,2023-03-15
politica-de-privacidad,/politica-de-privacidad/,"Política de Privacidad",legal,no,4475,2023-03-15
equipo,/equipo/,Equipo,contenido,no,9489,2023-03-15
goldenespana,/pro-corp-sas/goldenespana/,goldenEspaña,contenido,no,2,2023-03-15
republica-dominicana,/republica-dominicana/,"Republica Dominicana",contenido,no,482,2023-03-15
residencia-no-lucrativa,/pro-corp-sas/soluciones-legales-y-comunitarias/residencia-no-lucrativa/,"Residencia no lucrativa",contenido,no,2,2023-03-15
ley-de-memoria-democratica,/pro-corp-sas/soluciones-legales-y-comunitarias/ley-de-memoria-democratica/,"Ley de memoria democratica",contenido,no,2,2023-03-15
oportunidades-de-inversion,/pro-corp-sas/oportunidades-de-inversion/,"oportunidades de inversion",contenido,no,2,2023-03-15
golden-visa,/pro-corp-sas/soluciones-legales-y-comunitarias/golden-visa/,"Golden Visa",contenido,no,2,2023-03-15
soluciones-legales-y-comunitarias,/pro-corp-sas/soluciones-legales-y-comunitarias/,"Soluciones Legales y Comunitarias",contenido,no,2,2023-03-15
proteccion-patrimonial,/proteccion-patrimonial/,"Protección patrimonial",contenido,no,2,2023-02-23
politica-de-privacidad-mg,/politica-de-privacidad-mg/,"Politica de privacidad morgado",legal,no,4431,2023-01-27
residencia-no-lucrativa-form,/residencia-no-lucrativa-form/,Residencia-no-lucrativa-form,contenido,si,5108,2022-12-13
form-memoria-democratica,/form-memoria-democratica/,form-memoria-democratica,captacion,si,5088,2022-12-09
contacto,/pro-corp-sas/contacto/,contacto,captacion,si,2897,2022-10-20
procorp-en-world-law-congress,/procorp-en-world-law-congress/,procorp-en-world-law-congress,contenido,no,20704,2021-11-24
tienes-dudas-de-como-construir-tu-arbol-genealogico,/tienes-dudas-de-como-construir-tu-arbol-genealogico/,"¿Tienes dudas de como construir tu árbol genealógico?",contenido,no,1608,2021-10-14
pro-corp-sas,/pro-corp-sas/,"Pro Corp SAS",contenido,no,0,2021-10-06
tratamiento-de-datos-personales,/tratamiento-de-datos-personales/,"tratamiento de datos personales",legal,no,1997,2021-10-04
